email,order_id,sale date
veena@mail.com,1,2020-06-09
jesus@mail.com,2,2020-06-09
man@mail.com,3,2020-06-09
sam@mail.com,4,2020-06-09
sam@mail.com,5,2020-06-09
g@mail.com,6,2020-06-09
tomato@mail.com,7,2020-06-09
nar@mail.com,8,2020-06-09
n@mail.com,9,2020-06-09
sobba@gmail.com,10,2020-06-09
xyz@Gmail.com,11,2020-06-09
xyz@Gmail.com,12,2020-06-09
xyz@Gmail.com,13,2020-06-09
xyz@Gmail.com,14,2020-06-09
xyz@Gmail.com,15,2020-06-09
xyz@Gmail.com,16,2020-06-09
xyz@Gmail.com,17,2020-06-09
manoj.ravi94@gmail.com,18,2020-06-09
dk@dk.com,19,2020-06-09
ashurarak@gmail.com,20,2020-06-09
ashurarak@gmail.com,21,2020-06-09
ashurarak@gmail.com,22,2020-06-09
ashurarak@gmail.com,23,2020-06-09
maatupayal@maatukari.com,24,2020-06-09
maatupayal@maatukari.com,25,2020-06-09
maatupayal@maatukari.com,26,2020-06-09
maatupayal@maatukari.com,27,2020-06-09
Arun@gmail.com,28,2020-06-09
candy@gmail.com,29,2020-06-09
arul@gmail.com,30,2020-06-09
arul@gmail.com,31,2020-06-09
chithra@gmail.com,32,2020-06-09
divya@gmail.com,33,2020-06-09
abi@gmail.com,34,2020-06-09
amudha@gmail.com,35,2020-06-09
manya@gmail.com,36,2020-06-09
manya@gmail.com,37,2020-06-09
kavin@gmail.com,38,2020-06-09
chithu@gmail.com,39,2020-06-09
mano@gmail.com,40,2020-06-09
dilip@gmail.com,41,2020-06-09
mag@gmail.com,42,2020-06-09
ganesh@gmail.com,43,2020-06-09
lochi@gmail.com,44,2020-06-09
hugi@gmail.com,45,2020-06-09
sathz@gmail.com,46,2020-06-09
devi@gmail.com,47,2020-06-09
petz@gmail.com,48,2020-06-09
petz@gmail.com,49,2020-06-09
sudha@gmail.com,50,2020-06-09
viji@gmail.com,51,2020-06-09
sindhu@gmail.com,52,2020-06-09
raj@gmail.com,53,2020-06-09
ram@gmail.com,54,2020-06-09
resh@gmail.com,55,2020-06-09
sanz@gmaill.com,56,2020-06-09
saran@gmail.com,57,2020-06-09
bernice@gmil.com,58,2020-06-09
roshan@gmail.com,59,2020-06-09
giri@gmail.com,60,2020-06-09
sam@gmail.com,61,2020-06-09
Selvi@gmail.com,62,2020-06-09
arvnd@gmail.com,63,2020-06-09
ash@gmail.com,64,2020-06-09
zib@gmail.com,65,2020-06-09
pavan@gmail.com,66,2020-06-09
dhakshu@gmail.com,67,2020-06-09
reshwa@gmail.com,68,2020-06-09
vinu@gmail.com,69,2020-06-09
sri@gmail.com,70,2020-06-09
priya@gmail.com,71,2020-06-09
siva@gmail.com,72,2020-06-09
shz@gmail.com,73,2020-06-09
ben@gmail.com,74,2020-06-09
Thomas@gmail.com,75,2020-06-09
Thomas@gmail.com,76,2020-06-09
alfred@gmail.cpm,77,2020-06-09
daes@gmail.com,78,2020-06-09
janu@gmail.com,79,2020-06-09
ramu@mail.com,80,2020-06-09
ashly@mail.com,81,2020-06-09
niki@gmail.com,82,2020-06-09
thrsa@gmail.com,83,2020-06-09
walter@mail.com,84,2020-06-09
thabi@gmail.com,85,2020-06-09
nivi@gmail.com,86,2020-06-09
ash@gmail.com,87,2020-06-09
khan@gmail.com,88,2020-06-09
agi@gmail.com,89,2020-06-09
naksha@gmail.com,90,2020-06-09
nila@gmail.com,91,2020-06-09
rhka@gmail.com,92,2020-06-09
vishnu@gmail.com,93,2020-06-09
alex@gmail.com,94,2020-06-09
vikas@gmail.com,95,2020-06-09
amit@gmail.com,96,2020-06-09
rech@gmail.com,97,2020-06-09
ramya@gmail.com,98,2020-06-09
archu@gmail.com,99,2020-06-09
dharshi@gmail.com,100,2020-06-09
srist@gmail.com,101,2020-06-09
daz@gmail.com,102,2020-06-09
Magesh@gmail.com,103,2020-06-09
Krishna@gmail.com,104,2020-06-09
arjun@gmail.com,105,2020-06-09
Kesava@gmail.com,106,2020-06-09
Guna@gmail,107,2020-06-09
candy@gmail.com,108,2020-06-09
candy@gmail.com,109,2020-06-09
Dinesh@gmail.com,110,2020-06-09
kevin@gmail.com,111,2020-06-09
hash@gmail.com,112,2020-06-09
piggy@gmail.com,113,2020-06-09
revathyarul@gmail.com,114,2020-06-09
bay@gmail.com,115,2020-06-09
catherine@gmail.com,116,2020-06-09
catherine@gmail.com,117,2020-06-09
lavanya@gmail.com,118,2020-06-09
lashu@gmail.com,119,2020-06-09
Swetha@gmail.com,120,2020-06-09
kushbo@gmail.com,121,2020-06-09
divya@gmail.com,122,2020-06-09
kani@gmail.com,123,2020-06-09
gini@gmail.com,124,2020-06-09
gini@gmail.com,125,2020-06-09
sandy@gmail.com,126,2020-06-09
sumi@gmail.com,127,2020-06-09
sri@gmail.com,128,2020-06-09
jaggu@gmail.com,129,2020-06-09
arun@gmail.com,130,2020-06-09
manoj@gmail.com,131,2020-06-09
rak@gmail.com,132,2020-06-09
Lok@gmail.com,133,2020-06-09
Kavi@gmail.com,134,2020-06-09
mur@gmail.com,135,2020-06-09
naveen@gmail.com,136,2020-06-09
ela@gmail.com,137,2020-06-09
santh@gmail.com,138,2020-06-09
harish@gmail.com,139,2020-06-09
dhili@gmail.com,140,2020-06-09
ram@gmail.com,141,2020-06-09
bala@gmail.com,142,2020-06-09
mesh@gmail.com,143,2020-06-09
kanmani@gmail.com,144,2020-06-09
nag@gnail.com,145,2020-06-09
log@gmail.com,146,2020-06-09
log@gmail.com,147,2020-06-09
meera@gmail.com,148,2020-06-09
mala@gmail.com,149,2020-06-09
latha@gmail.com,150,2020-06-09
sow@gmail.com,151,2020-06-09
sow@gmail.com,152,2020-06-09
get@gmail.com,153,2020-06-09
peter@gmail.com,154,2020-06-09
albin@gmail.com,155,2020-06-09
eshwar@gmail.com,156,2020-06-09
joseph@gmail.com,157,2020-06-09
peter@gmail.com,158,2020-06-09
philips@gmail.com,159,2020-06-09
andrew@gmail.com,160,2020-06-09
james@gmail.com,161,2020-06-09
john@gmail.com,162,2020-06-09
simon@gamil.com,163,2020-06-09
mathew@gmail.com,164,2020-06-09
thaddeus@gmail.com,165,2020-06-09
judas@gmail.com,166,2020-06-09
kvya@gmail.com,167,2020-06-09
adlin@gmail.com,168,2020-06-09
reb@gmail.com,169,2020-06-09
ester@gmail.com,170,2020-06-09
shebba@gmail.com,171,2020-06-09
prasanna1997greenpeace@gmail.com,172,2020-06-10
na@mail.com,173,2020-06-10
been@mail.com,174,2020-06-10
jhon.ab@gmail.com,175,2020-06-10
yes@gmail.com,176,2020-06-10
sumi@gmail.com,177,2020-06-11
sel@gmail.com,178,2020-06-11
pri@gmail.com,179,2020-06-11
judi@gmail.com,180,2020-06-11
kri@gmail.com,181,2020-06-11
ganga@gmail.com,182,2020-06-11
ash@gmail.com,183,2020-06-11
abar@gmail.com,184,2020-06-11
ram@gmail.com,185,2020-06-11
hema@gmail.om,186,2020-06-11
mouli@mail.com,187,2020-06-11
moni@gmail.com,188,2020-06-11
mahe@gmail.com,189,2020-06-11
mahe@gmail.com,190,2020-06-11
vas@gmail.com,191,2020-06-11
ani@gmail.com,192,2020-06-11
nandhi@gmail.com,193,2020-06-11
pree@gmail.com,194,2020-06-11
rekha@gmail.com,195,2020-06-11
keerthi@gmail.com,196,2020-06-11
kalai@gmail.com,197,2020-06-11
pri@gmail.com,198,2020-06-11
kam@gmail.com,199,2020-06-11
art@gmail.com,200,2020-06-11
roo@gmail.com,201,2020-06-11
devi@gmail.com,202,2020-06-11
ran@gmail.com,203,2020-06-11
raj@gmail.com,204,2020-06-11
char@gmail.com,205,2020-06-11
har@gmail.com,206,2020-06-11
ishu@gmail.com,207,2020-06-11
meena@gmail.com,208,2020-06-11
pooja@gmail.com,209,2020-06-11
bhav@gmail.com,210,2020-06-11
padma@gmail.com,211,2020-06-11
ind@gmail.com,212,2020-06-11
ashw@gmail.com,213,2020-06-11
nive@gmail.com,214,2020-06-11
jothi@gmail.com,215,2020-06-11
mythra@gmail.com,216,2020-06-11
nithya@gmail.com,217,2020-06-11
pavi@gmail.com,218,2020-06-11
hari@gmil.com,219,2020-06-11
logesh@gmail.com,220,2020-06-11
varsh@gmail.com,221,2020-06-11
deepi@gmail.com,222,2020-06-11
ashvi@gmail.com,223,2020-06-11
manju@gmail.com,224,2020-06-11
rakshi@gmail.com,225,2020-06-11
kub@gmail.com,226,2020-06-11
var@gmail.com,227,2020-06-11
sanof@gmail.com,228,2020-06-11
sangi@gmail.com,229,2020-06-11
jami@gmail.com,230,2020-06-11
rofi@gmail.com,231,2020-06-11
moni@gmail.com,232,2020-06-11
devi@gmail.com,233,2020-06-11
dee@gmail.com,234,2020-06-11
pravee@gmail.com,235,2020-06-11
anni@gmail.com,236,2020-06-11
jaya@gmail.com,237,2020-06-11
kavi@gmail.com,238,2020-06-11
meri@gmail.com,239,2020-06-11
mer@gmail.com,240,2020-06-11
liz@gmail.com,241,2020-06-11
malar@gmail.com,242,2020-06-11
raj@gmail.com,243,2020-06-11
adrw@gmail.com,244,2020-06-11
suvee@gmail.com,245,2020-06-11
uma@gmail.com,246,2020-06-11
jaya@gmail.com,247,2020-06-11
muruga@gmail.com,248,2020-06-11
ruk@gmail.com,249,2020-06-11
shan@gmail.com,250,2020-06-11
raji@gmail.com,251,2020-06-11
gee@gmail.com,252,2020-06-11
pree@gmail.com,253,2020-06-11
mahesh@gmail.com,254,2020-06-11
vish@gmail.com,255,2020-06-11
nal@gmail.com,256,2020-06-11
swathi@gmail.com,257,2020-06-11
dhanu@gmail.com,258,2020-06-11
lak@gmail.com,259,2020-06-11
prab@gmail.com,260,2020-06-11
moni@gmail.com,261,2020-06-11
priya@gmail.com,262,2020-06-11
renu@gmail.com,263,2020-06-11
viji@gmail.com,264,2020-06-11
resh@gmail.com,265,2020-06-11
hari@gmail.com,266,2020-06-11
hithesh@gmail.com,267,2020-06-11
shobi@gmail.com,268,2020-06-11
bhar@gmail.com,269,2020-06-11
shakee@gmail.com,270,2020-06-11
aji@gmail.com,271,2020-06-11
zaar@gmail.com,272,2020-06-11
arch@gmail.com,273,2020-06-11
vinee@gmail.com,274,2020-06-11
kalif@gmail.com,275,2020-06-11
anjana@gmail.com,276,2020-06-11
mou@gmail.com,277,2020-06-11
mega@gmail.com,278,2020-06-11
tom@gmail.com,279,2020-06-11
jerry@gmail.com,280,2020-06-11
mic@gmail.com,281,2020-06-11
strew@gmail.com,282,2020-06-11
aji@gmail.com,283,2020-06-11
vij@gmail.com,284,2020-06-11
raji@gmail.com,285,2020-06-11
vik@gmail.com,286,2020-06-11
dhr@gmail.com,287,2020-06-11
sethu@gmail.com,288,2020-06-11
arj@gmail.com,289,2020-06-11
jai@gmail.com,290,2020-06-11
puga@gmail.com,291,2020-06-11
ram@gmail.com,292,2020-06-11
karthi@gmail.com,293,2020-06-11
sudha@gmail.com,294,2020-06-11
subha@gmail.com,295,2020-06-11
viv@gmail.com,296,2020-06-11
vadiv@gmail.com,297,2020-06-11
sara@gmail.com,298,2020-06-11
shre@gmail.com,299,2020-06-11
sath@gmail.com,300,2020-06-11
nayan@gmail.com,301,2020-06-11
vic@gmail.com,302,2020-06-11
vig@gmail.com,303,2020-06-11
sal@gmail.com,304,2020-06-11
moha@gmail.com,305,2020-06-11
santha@gmail.com,306,2020-06-11
sara@gmail.com,307,2020-06-11
arav@gmail.com,308,2020-06-11
loge@gmail.com,309,2020-06-11
yuv@gmail.com,310,2020-06-11
ani@gmail.com,311,2020-06-11
gau@gmail.com,312,2020-06-11
gauthami@gmail.com,313,2020-06-11
mega@gmail.com,314,2020-06-11
raj@gmail.com,315,2020-06-11
anand@gmail.com,316,2020-06-11
ratn@gmail.com,317,2020-06-11
subha@gmail.com,318,2020-06-11
sne@gmail.com,319,2020-06-11
prasa@gmail.com,320,2020-06-11
micheal@gmail.com,321,2020-06-11
rich@gmail.com,322,2020-06-11
brin@gmail.com,323,2020-06-11
sri@gmail.com,324,2020-06-11
manoj@gmail.com,325,2020-06-11
prasha@gmail.com,326,2020-06-11
su@gmail.com,327,2020-06-11
sur@gmail.com,328,2020-06-11
arya@gmail.com,329,2020-06-11
sayeesha@gmail.com,330,2020-06-11
sivan@gmail.com,331,2020-06-11
riya@gmail.com,332,2020-06-11
nisha@gmail.com,333,2020-06-11
raksh@gmail.com,334,2020-06-11
venki@gmail.com,335,2020-06-11
dha@gmail.com,336,2020-06-11
rek@gmail.com,337,2020-06-11
shruthi@gmail.com,338,2020-06-11
rio@gmail.com,339,2020-06-11
alya@gmail.com,340,2020-06-11
manasa@gmail.com,341,2020-06-11
sanjeev@gmail.com,342,2020-06-11
sree@gmail.com,343,2020-06-11
ashmi@gmail.com,344,2020-06-11
nila@gmal.com,345,2020-06-11
bharathi@gmail.com,346,2020-06-11
muthu@gmail.com,347,2020-06-11
rahman@gmail.com,348,2020-06-11
madan@gmail.com,349,2020-06-11
gowri@gmail.com,350,2020-06-11
vedha@gmail.com,351,2020-06-11
clinton@gmail.com,352,2020-06-11
glory@gmail.com,353,2020-06-11
riya@gmail.com,354,2020-06-11
jaq@gmail.com,355,2020-06-11
yogi@gmail.com,356,2020-06-11
yoges@gmail.com,357,2020-06-11
muk@gmail.com,358,2020-06-11
jee@gmail.com,359,2020-06-11
kishore@gmail.com,360,2020-06-11
krishna@gmail.com,361,2020-06-11
kam@gmail.com,362,2020-06-11
naren@gmail.com,363,2020-06-11
rag@gmail.com,364,2020-06-11
nak@gmail.com,365,2020-06-11
chaithra@gmail.com,366,2020-06-11
bala@gmail.com,367,2020-06-11
shankar@gmail.com,368,2020-06-11
moort@gmail.com,369,2020-06-11
babu@gmail.com,370,2020-06-11
latha@gmail.com,371,2020-06-11
ric@gmail.com,372,2020-06-11
sweety@mail.com,373,2020-06-11
puniya@gmail.com,374,2020-06-11
sam@gmail.com,375,2020-06-11
vishal@gmail.com,376,2020-06-11
karthika@gmail.com,377,2020-06-11
guru@gmail.com,378,2020-06-11
harry@gmail.com,379,2020-06-11
rev@mail.com,380,2020-06-11
mani@mail.com,381,2020-06-11
susan@mail.com,382,2020-06-11
veena@mail.com,383,2020-06-11
chitra@mail.com,384,2020-06-11
kar@mail.com,385,2020-06-11
nay@mail.com,386,2020-06-11
divya@mail.com,387,2020-06-11
jai@mail.com,388,2020-06-11
arul@mail.com,389,2020-06-11
ethan@mail.com,390,2020-06-11
nash@mail.com,391,2020-06-11
jack@gmail.com,392,2020-06-11
eve@mail.com,393,2020-06-11
nirmala@mail.com,394,2020-06-11
bala@mail.com,395,2020-06-11
peter@mail.com,396,2020-06-11
mala@mail.com,397,2020-06-11
mary@gmail.com,398,2020-06-11
nan@mail.com,399,2020-06-11
queen@gmail.com,400,2020-06-11
bala@gmail.com,401,2020-06-11
peter@gmail.com,402,2020-06-11
sow@gmail.com,403,2020-06-11
ram@gmail.com,404,2020-06-11
mesh@gmail.com,405,2020-06-11
kanmani@gmail.com,406,2020-06-11
judas@gmail.com,407,2020-06-11
vala@gmail.com,408,2020-06-11
vetri@gma.com,409,2020-06-11
maran@gmail.com,410,2020-06-11
maran@gmail.com,411,2020-06-11
veena@gmaol.com,412,2020-06-11
chithu@gmail.com,413,2020-06-11
jai@gmail.com,414,2020-06-11
arul@gmail.com,415,2020-06-11
kartk@gmail.com,416,2020-06-11
div@gnail.com,417,2020-06-11
nash@gmail.com,418,2020-06-11
revzz@gmail.com,419,2020-06-11
nyth@gmail.com,420,2020-06-11
eath@gmail.com,421,2020-06-11
nick@gmail.com,422,2020-06-12
theju@gmail.com,423,2020-06-12
kat@gmail.com,424,2020-06-12
jai@gmail.com,425,2020-06-12
moses@gmail.com,426,2020-06-12
susan@gmail.com,427,2020-06-12
maria@gmail.com,428,2020-06-12
salty@gmail.com,429,2020-06-12
kark@gmail.com,430,2020-06-12
ramu@gmail.com,431,2020-06-12
rach@gmail.com,432,2020-06-12
ester@gmail.com,433,2020-06-12
sheba@gmail.com,434,2020-06-12
angaiyarkanni@gmail.com,435,2020-06-12
suga@gmail.com,436,2020-06-12
janu@gnail.com,437,2020-06-12
shy@gnail.com,438,2020-06-12
simn@gamil.com,439,2020-06-12
vishal@gmail.com,440,2020-06-12
vishal@gmail.com,441,2020-06-12
raw@gmail.com,442,2020-06-12
blessy@gmail.com,443,2020-06-12
sti@gmail.com,444,2020-06-12
ebz@gmail.com,445,2020-06-12
lourdes@gmail.com,446,2020-06-12
kiusi@gmail.com,447,2020-06-12
harry@gmail.com,448,2020-06-12
kar@gmail.com,449,2020-06-12
sangeetha@gmail.com,450,2020-06-12
pavi@gmail.com,451,2020-06-12
aril@gmail.com,452,2020-06-12
seba@gnail.com,453,2020-06-12
ranya@gmailll.com,454,2020-06-12
vicky@gmail.com,455,2020-06-12
reb@gmail.com,456,2020-06-12
bobby@gmail.com,457,2020-06-12
mes@gmail.com,458,2020-06-12
sowya@gmail.com,459,2020-06-12
bay@gmail.com,460,2020-06-12
alx@gmail.com,461,2020-06-12
kelvin@gmail.com,462,2020-06-12
grsh@gmail.com,463,2020-06-12
vimala@gmail.com,464,2020-06-12
jessy@gmail.com,465,2020-06-12
peter@gmail.com,466,2020-06-12
jesintha@gmail.com,467,2020-06-12
losliya@gmail.com,468,2020-06-12
charu@gmail.com,469,2020-06-12
abi@gmail.com,470,2020-06-12
jana@gnail.com,471,2020-06-12
aomi@gmail.com,472,2020-06-12
poornima@gmail.com,473,2020-06-12
abi@gmail.com,474,2020-06-12
bala@gmail.com,475,2020-06-12
priyanka@gmail.com,476,2020-06-12
susmi@gmail.com,477,2020-06-12
susmi@gmail.com,478,2020-06-12
dhana@gmail.com,479,2020-06-12
banu@gmail.com,480,2020-06-12
preetha@gmail.com,481,2020-06-12
amirtha@gmail.com,482,2020-06-12
naresh@gmail.com,483,2020-06-12
revathy@gmail.com,484,2020-06-12
lucky@gam.com,485,2020-06-12
raamu@gmail.com,486,2020-06-12
shifu@gmail.com,487,2020-06-12
panda@gmail.com,488,2020-06-12
kartk@gmail.com,489,2020-06-12
jaishankar@gmail.com,490,2020-06-12
arul@gmail.com,491,2020-06-12
chitra@gmail.com,492,2020-06-12
veena@gmail.com,493,2020-06-12
divya@gmail.com,494,2020-06-12
moses@gmail.com,495,2020-06-12
susan@gmail.com,496,2020-06-12
mariaa@gmail.com,497,2020-06-12
saltyy@gmail.com,498,2020-06-12
nythn@gmail.com,499,2020-06-12
ethan@gmail.com,500,2020-06-12
revathy@gmail.com,501,2020-06-12
naresh@gmail.com,502,2020-06-12
abi@gmail.com,503,2020-06-12
sophia@gmail.com,504,2020-06-13
isa@gmail.com,505,2020-06-13
emma@gmail.com,506,2020-06-13
olivia@gmail.com,507,2020-06-13
ava@gmail.com,508,2020-06-13
emi@gmail.com,509,2020-06-13
abig@gmail.com,510,2020-06-13
madi@gmail.com,511,2020-06-13
mia@gmail.com,512,2020-06-13
chole@gmail.com,513,2020-06-13
eliza@gmail.com,514,2020-06-13
ella@gmail.com,515,2020-06-13
addy@gmail.com,516,2020-06-13
natalie@gmail.com,517,2020-06-13
lilly@gnail.com,518,2020-06-13
grace@gmail.com,519,2020-06-13
sam@gmail.com,520,2020-06-13
aaravy@gmail.com,521,2020-06-13
shofi@gmail.com,522,2020-06-13
abrey@gmail.com,523,2020-06-13
brooky@gmail.com,524,2020-06-13
lillian@gmail.com,525,2020-06-13
victoria@gmail.com,526,2020-06-13
eve@gmail.com,527,2020-06-13
eve@gmail.com,528,2020-06-13
hannah@gnail.com,529,2020-06-13
alecis@gmail.com,530,2020-06-13
charls@gmail.com,531,2020-06-13
zoey@gmail.com,532,2020-06-13
leena@gmail.com,533,2020-06-13
amelia@gmail.com,534,2020-06-13
zeo@gmail.com,535,2020-06-13
haily@gmaim.com,536,2020-06-13
laiya@gmail.com,537,2020-06-13
gabri@gmail.com,538,2020-06-13
mic@gmail.com,539,2020-06-13
luci@gmail.com,540,2020-06-13
alya@gmail.com,541,2020-06-13
anni@gmail.com,542,2020-06-13
zara@gmail.com,543,2020-06-13
alli@gmail.com,544,2020-06-13
savana@gmail.com,545,2020-06-13
ashley@gmail.com,546,2020-06-13
audrey@gmail.com,547,2020-06-13
tylr@gmail.com,548,2020-06-13
mos@gmail.com,549,2020-06-13
aila@gmIl.com,550,2020-06-13
marshal@gmail.com,551,2020-06-13
cami@gmail.com,552,2020-06-13
khoel@gmail.com,553,2020-06-13
barney@gmail.com,554,2020-06-13
veena@mail.com,555,2020-06-13
chitra@mail.com,556,2020-06-13
chitra@mail.com,557,2020-06-13
sophia@gmail.com,558,2020-06-13
arian@gmail.com,559,2020-06-13
peyton@gmail.com,560,2020-06-13
harper@gmail.com,561,2020-06-13
alex@gmail.com,562,2020-06-13
rev@gmail.com,563,2020-06-13
naresh@gmail.com,564,2020-06-13
veena@gmail.com,565,2020-06-13
jai@gmail.com,566,2020-06-13
kartk@gmail.com,567,2020-06-13
arulalan@gmail.com,568,2020-06-13
chitra@gmail.com,569,2020-06-13
amudha@gmail.com,570,2020-06-13
kannan@gmail.com,571,2020-06-13
sathish@gmail.com,572,2020-06-13
divya@gmail.com,573,2020-06-13
ankitha@gmail.com,574,2020-06-13
prajan@gmail.com,575,2020-06-13
latha@gmail.com,576,2020-06-13
mala@gmail.com,577,2020-06-13
lucky@gmail.com,578,2020-06-13
mack@gmail.com,579,2020-06-13
stella@gmail.com,580,2020-06-13
jasmn@gmail.com,581,2020-06-13
morgan@gmail.com,582,2020-06-13
alexandra@gmail.com,583,2020-06-13
trinity@gmail.com,584,2020-06-13
molly@gmail.com,585,2020-06-13
madelyn@gmail.com,586,2020-06-13
scarlet@gmail.com,587,2020-06-13
andrea@gmail.com,588,2020-06-13
genesis@gmail.com,589,2020-06-13
eva@gmail.com,590,2020-06-13
riana@gmail.com,591,2020-06-13
madelline@gmail.com,592,2020-06-13
brooke@gmail.com,593,2020-06-13
caroline@gmail.com,594,2020-06-13
bailey@gmail.com,595,2020-06-13
melanie@gmail.com,596,2020-06-13
kennedy@gmail.com,597,2020-06-13
dessy@gmail.com,598,2020-06-13
mary@gmail.com,599,2020-06-13
nancy@gmail.com,600,2020-06-13
lavan@gmail.com,601,2020-06-13
petia@gmail.com,602,2020-06-13
lydia@gmail.com,603,2020-06-13
elsa@gmail.com,604,2020-06-13
marshall@gmail.com,605,2020-06-13
albert@gmail.com,606,2020-06-13
ted@gmail.com,607,2020-06-13
adar@gmail.com,608,2020-06-13
aadya@gmail.com,609,2020-06-13
aahana@gmail.com,610,2020-06-13
aamal@gmail.com,611,2020-06-13
any@gmail.com,612,2020-06-13
aparna@gmail.com,613,2020-06-14
asha@gmail.com,614,2020-06-14
akshara@gmail.com,615,2020-06-14
arshika@gmail.com,616,2020-06-14
alka@gmail.com,617,2020-06-14
benny@gmail.com,618,2020-06-14
bairavi@gmail.com,619,2020-06-14
bhavya@gmail.com,620,2020-06-14
nisha@gmail.com,621,2020-06-14
bhanu@gmail.com,622,2020-06-14
cavery@gmail.com,623,2020-06-14
chitr@gmail.com,624,2020-06-14
chinna@gmail.com,625,2020-06-14
devi@gmail.com,626,2020-06-14
kala@gmail.com,627,2020-06-14
ali@gmail.com,628,2020-06-14
kala@gmail.com,632,2020-06-14
depti@gmail.com,633,2020-06-14
driti@gmail.com,634,2020-06-14
dwani@gmail.com,635,2020-06-14
deesha@gmail.com,636,2020-06-14
deviga@gmail.com,637,2020-06-14
deviga@gmail.com,638,2020-06-14
dhanvi@gmail.com,639,2020-06-14
dhivja@gmail.com,640,2020-06-14
ela@gmail.com,641,2020-06-14
ezhil@gmail.com,642,2020-06-14
elakya@gmail.com,643,2020-06-14
raj@gmail.com,644,2020-06-14
sus@gmail.com,645,2020-06-14
aada@gmail.com,646,2020-06-14
ash@gmail.com,647,2020-06-14
hani@gmail.com,648,2020-06-14
sas@gmail.com,649,2020-06-14
sayu@gmail.com,650,2020-06-14
ala@gmail.com,651,2020-06-14
ezh@gmail.com,652,2020-06-14
anju@gmail.com,653,2020-06-14
desi@gmail.com,654,2020-06-14
yas@gmail.com,655,2020-06-14
rithi@gmail.com,656,2020-06-14
sandy@gmail.com,657,2020-06-14
syl@gnail.com,658,2020-06-14
dora@gmail.com,659,2020-06-14
dharsha@gmail.com,660,2020-06-14
alan@gmail.com,661,2020-06-14
sathya@gmail.com,662,2020-06-14
ram@gmail.com,663,2020-06-14
karthi@gmail.com,664,2020-06-14
ovi@gmail.com,665,2020-06-14
sag@gmail.com,666,2020-06-14
mahe@gmail.com,667,2020-06-14
chin@gmail.com,668,2020-06-14
sri@gmail.com,669,2020-06-14
mul@gmail.com,670,2020-06-14
sen@gmail.com,671,2020-06-14
kanna@gmail.com,672,2020-06-14
panne@gmail.com,673,2020-06-14
pandi@gmail.com,674,2020-06-14
poorni@gmail.com,675,2020-06-14
sow@gmail.com,676,2020-06-14
peter@gmail.com,677,2020-06-14
kartk@gmail.com,678,2020-06-14
revathy@gmail.com,679,2020-06-14
chitra@gmail.com,680,2020-06-14
reshwanth@gmail.com,681,2020-06-14
kavin@gmail.com,682,2020-06-14
manya@gmail.com,683,2020-06-14
lochi@gmail.com,684,2020-06-14
nyth@gmail.com,685,2020-06-14
ethan@gmail.com,686,2020-06-14
vicky@gmail.com,687,2020-06-14
eve@gmail.com,688,2020-06-14
veena@gmail.com,689,2020-06-14
chitra@gmail.com,690,2020-06-14
jaishankar@gmail.com,691,2020-06-14
arul@gmail.com,692,2020-06-14
divya@gmail.com,693,2020-06-14
revathy@gmail.com,694,2020-06-14
moses@gmail.com,695,2020-06-14
susan@gmail.com,696,2020-06-14
maria@gmail.com,697,2020-06-14
salty@gmail.com,698,2020-06-14
abi@gmail.com,699,2020-06-14
eswar@gmail.com,700,2020-06-14
magesh@gmail.com,701,2020-06-14
sow@gmail.com,702,2020-06-14
naresh@gmail.com,703,2020-06-14
sambavi@gmail.com,704,2020-06-14
naythan@mail.com,705,2020-06-15
naythan@mail.com,706,2020-06-15
ethan@mail.com,707,2020-06-15
andrew@mail.com,708,2020-06-17
amit@gmail.com,709,2020-06-22
radha@mail.com,710,2020-06-22
jac@mail.com,711,2020-06-22
